model,auprc,f1,precision,recall
gemma-3-27b,0.12576033170998846,0.2268041237113402,0.1286549707602339,0.9565217391304348
Dummy (Majority),0.0620782726045884,0.0,0.0,0.0
